{
  "version": 6,
  "validation": {
    "float32": {
      "confusion_matrix": [
        [
          116,
          5
        ],
        [
          11,
          525
        ]
      ],
      "classification_report": {
        "0": {
          "precision": 0.9133858267716536,
          "recall": 0.9586776859504132,
          "f1-score": 0.9354838709677419,
          "support": 121
        },
        "1": {
          "precision": 0.9905660377358491,
          "recall": 0.9794776119402985,
          "f1-score": 0.9849906191369606,
          "support": 536
        },
        "accuracy": 0.9756468797564688,
        "macro avg": {
          "precision": 0.9519759322537513,
          "recall": 0.9690776489453559,
          "f1-score": 0.9602372450523513,
          "support": 657
        },
        "weighted avg": {
          "precision": 0.9763517218657308,
          "recall": 0.9756468797564688,
          "f1-score": 0.975872937967287,
          "support": 657
        }
      },
      "roc_auc": 0.9690776489453559,
      "loss": 0.052098830800562046,
      "support": 657,
      "weighted_average": {
        "precision": 0.9763517218657308,
        "recall": 0.9756468797564688,
        "f1-score": 0.975872937967287
      },
      "subgroup_metrics": {
        "facetted": null,
        "per_key": {
          "class_name": {
            "per_group": {
              "doente": {
                "confusion_matrix": [
                  [
                    116,
                    5
                  ],
                  [
                    0,
                    0
                  ]
                ],
                "classification_report": {
                  "0": {
                    "precision": 1,
                    "recall": 0.9586776859504132,
                    "f1-score": 0.9789029535864979,
                    "support": 121
                  },
                  "1": {
                    "precision": 0,
                    "recall": 0,
                    "f1-score": 0,
                    "support": 0
                  },
                  "accuracy": 0.9586776859504132,
                  "macro avg": {
                    "precision": 0.5,
                    "recall": 0.4793388429752066,
                    "f1-score": 0.48945147679324896,
                    "support": 121
                  },
                  "weighted avg": {
                    "precision": 1,
                    "recall": 0.9586776859504132,
                    "f1-score": 0.9789029535864979,
                    "support": 121
                  }
                },
                "roc_auc": null,
                "loss": 0.08259285651757493,
                "support": 121,
                "weighted_average": {
                  "precision": 1,
                  "recall": 0.9586776859504132,
                  "f1-score": 0.9789029535864979
                }
              },
              "normal": {
                "confusion_matrix": [
                  [
                    0,
                    0
                  ],
                  [
                    11,
                    525
                  ]
                ],
                "classification_report": {
                  "0": {
                    "precision": 0,
                    "recall": 0,
                    "f1-score": 0,
                    "support": 0
                  },
                  "1": {
                    "precision": 1,
                    "recall": 0.9794776119402985,
                    "f1-score": 0.9896324222431668,
                    "support": 536
                  },
                  "accuracy": 0.9794776119402985,
                  "macro avg": {
                    "precision": 0.5,
                    "recall": 0.48973880597014924,
                    "f1-score": 0.4948162111215834,
                    "support": 536
                  },
                  "weighted avg": {
                    "precision": 1,
                    "recall": 0.9794776119402985,
                    "f1-score": 0.9896324222431669,
                    "support": 536
                  }
                },
                "roc_auc": null,
                "loss": 0.04521491827862444,
                "support": 536,
                "weighted_average": {
                  "precision": 1,
                  "recall": 0.9794776119402985,
                  "f1-score": 0.9896324222431669
                }
              }
            }
          }
        }
      },
      "class_names": [
        "doente",
        "normal"
      ]
    }
  }
}